Occupant ID,First Name,Last Name,Government ID,Gender,Email,Phone,Family Members,Occupant Status,Payment Methods
1001,Gregory,Taylor,808520,Female,gregory82@stmarys.com,07716783036,4,Tenant,Rent
1002,David,Page,787787,Female,david66@stmarys.com,07829648619,1,Owner,One Time
1003,Timothy,Weaver,846275,Female,timothy41@stmarys.com,07933102218,5,Tenant,Rent
1004,Gregory,Jones,121382,Female,gregory87@stmarys.com,07180684854,5,Tenant,Rent
1005,Joshua,Cox,367969,Male,joshua36@stmarys.com,07963809491,5,Tenant,Rent
1006,Michael,Morton,830176,Female,michael52@stmarys.com,07252184140,4,Tenant,Rent
1007,Meghan,Johnson,778681,Male,meghan52@stmarys.com,07353915631,5,Tenant,Rent
1008,Dylan,Parker,545178,Male,dylan73@stmarys.com,07172861804,3,Owner,Installment
1009,Jessica,Rodriguez,892998,Male,jessica27@stmarys.com,07604780238,4,Owner,Installment
1010,Paul,Carpenter,460356,Female,paul79@stmarys.com,07770922183,4,Owner,Installment
1011,Erika,Cooper,364418,Female,erika92@stmarys.com,07505626089,1,Owner,One Time
1012,James,Luna,593191,Female,james80@stmarys.com,07940313297,5,Tenant,Rent
1013,Sean,Hogan,434788,Male,sean7@stmarys.com,07841155574,1,Owner,One Time
1014,Megan,Miller,943360,Male,megan38@stmarys.com,07396212459,4,Owner,One Time
1015,Angela,Landry,797539,Female,angela99@stmarys.com,07465681390,2,Tenant,Rent
1016,Janice,Johnson,273769,Male,janice12@stmarys.com,07483198212,2,Owner,Installment
1017,Luis,Taylor,889663,Male,luis13@stmarys.com,07455094396,5,Owner,One Time
1018,Victor,Blankenship,261975,Male,victor39@stmarys.com,07799462456,2,Tenant,Rent
1019,Amber,Allen,725684,Male,amber90@stmarys.com,07312359830,3,Owner,One Time
1020,Dean,Chavez,760993,Male,dean23@stmarys.com,07170223207,1,Owner,Installment
1021,Megan,Blair,291779,Female,megan73@stmarys.com,07540592827,3,Owner,One Time
1022,Bryan,Nelson,236067,Male,bryan44@stmarys.com,07407404644,1,Tenant,Rent
1023,Alexis,Hines,623190,Male,alexis29@stmarys.com,07476279105,3,Owner,One Time
1024,Jason,Lynch,994148,Female,jason59@stmarys.com,07473704383,1,Tenant,Rent
1025,Jeffrey,Berry,453841,Female,jeffrey29@stmarys.com,07881210479,3,Tenant,Rent
1026,Anthony,Silva,617101,Male,anthony17@stmarys.com,07467694113,2,Tenant,Rent
1027,Nicole,Smith,406513,Female,nicole18@stmarys.com,07417109401,3,Tenant,Rent
1028,David,Lambert,136485,Female,david80@stmarys.com,07773222956,1,Owner,One Time
1029,John,Henderson,486028,Male,john56@stmarys.com,07483825875,1,Tenant,Rent
1030,Robert,Contreras,547334,Male,robert30@stmarys.com,07916249354,3,Tenant,Rent
1031,Kimberly,Smith,313217,Female,kimberly83@stmarys.com,07622163266,4,Tenant,Rent
1032,Linda,Ramsey,996951,Female,linda15@stmarys.com,07237172776,1,Owner,Installment
1033,Jacob,Davidson,408931,Male,jacob87@stmarys.com,07585049090,5,Owner,Installment
1034,Cody,Phillips,496144,Male,cody80@stmarys.com,07969996842,1,Owner,Installment
1035,David,Arias,953645,Female,david46@stmarys.com,07498568972,4,Owner,One Time
1036,Kurt,Miller,651693,Male,kurt43@stmarys.com,07572342815,3,Owner,One Time
1037,Brad,Edwards,388479,Male,brad92@stmarys.com,07536227842,4,Tenant,Rent
1038,Samantha,Kline,697224,Female,samantha62@stmarys.com,07902414334,2,Tenant,Rent
1039,Donald,Ward,465920,Female,donald44@stmarys.com,07151121811,3,Owner,One Time
1040,Melissa,Gray,692203,Female,melissa22@stmarys.com,07485708563,4,Tenant,Rent
1041,Stephanie,Mcdaniel,902515,Female,stephanie62@stmarys.com,07771822838,5,Tenant,Rent
1042,Casey,Brown,998588,Male,casey6@stmarys.com,07554820814,5,Owner,Installment
1043,Trevor,Montgomery,250704,Male,trevor10@stmarys.com,07657986869,2,Owner,One Time
1044,Raymond,Levy,895594,Male,raymond1@stmarys.com,07761183470,5,Owner,One Time
1045,Charles,Ramirez,653198,Male,charles59@stmarys.com,07367946656,2,Owner,One Time
1046,Kara,Mitchell,717105,Male,kara17@stmarys.com,07865643312,5,Owner,One Time
1047,Regina,Daniel,606485,Male,regina24@stmarys.com,07188685743,5,Owner,Installment
1048,Megan,Johnson,936685,Male,megan17@stmarys.com,07753692602,3,Tenant,Rent
1049,Christopher,Avery,364008,Male,christopher15@stmarys.com,07754710222,4,Owner,One Time
1050,Michael,Hernandez,462261,Male,michael43@stmarys.com,07312289157,5,Owner,One Time
1051,Joshua,Wright,194251,Male,joshua80@stmarys.com,07143917253,3,Tenant,Rent
1052,Rhonda,Humphrey,310790,Female,rhonda56@stmarys.com,07759062207,3,Tenant,Rent
1053,Mary,Bennett,884704,Male,mary22@stmarys.com,07973075858,5,Owner,Installment
1054,Kara,Walls,402811,Female,kara27@stmarys.com,07764386841,1,Tenant,Rent
1055,Kimberly,Walters,103225,Male,kimberly61@stmarys.com,07291121473,3,Owner,One Time
1056,Kimberly,Holloway,608477,Male,kimberly63@stmarys.com,07176581136,4,Tenant,Rent
1057,Derek,Powell,450545,Male,derek64@stmarys.com,07693047760,5,Tenant,Rent
1058,Kimberly,Powell,738019,Female,kimberly14@stmarys.com,07483279664,4,Tenant,Rent
1059,Brian,Gutierrez,317691,Male,brian57@stmarys.com,07612960273,5,Tenant,Rent
1060,Michael,Wright,822147,Female,michael11@stmarys.com,07565794704,4,Tenant,Rent
1061,Ethan,Mora,101038,Female,ethan43@stmarys.com,07584409197,3,Tenant,Rent
1062,Mark,Rivera,273577,Male,mark81@stmarys.com,07306115102,1,Owner,One Time
1063,Kimberly,Waters,941836,Male,kimberly45@stmarys.com,07805637770,4,Owner,Installment
1064,Tyler,Irwin,139216,Male,tyler30@stmarys.com,07424766545,2,Tenant,Rent
1065,Nathan,Luna,708780,Female,nathan6@stmarys.com,07639202868,1,Tenant,Rent
1066,Benjamin,Delgado,448690,Female,benjamin93@stmarys.com,07580571895,4,Owner,Installment
1067,Stephen,Reese,445084,Male,stephen68@stmarys.com,07349571056,5,Owner,Installment
1068,Veronica,Kelley,884399,Male,veronica77@stmarys.com,07892212724,5,Owner,One Time
1069,Amy,Moore,624112,Male,amy52@stmarys.com,07265218942,3,Owner,Installment
1070,Jennifer,Diaz,199553,Male,jennifer96@stmarys.com,07490985328,4,Tenant,Rent
1071,Anthony,Johnson,474777,Male,anthony27@stmarys.com,07959627444,5,Owner,Installment
1072,Kimberly,Murphy,717697,Female,kimberly96@stmarys.com,07242345684,2,Tenant,Rent
1073,Dana,Wallace,277776,Male,dana1@stmarys.com,07141470274,5,Tenant,Rent
1074,Charles,Bailey,494343,Male,charles42@stmarys.com,07737963820,2,Owner,Installment
1075,Kenneth,Burns,662628,Male,kenneth8@stmarys.com,07238312955,1,Owner,One Time
1076,Audrey,Lewis,613915,Male,audrey35@stmarys.com,07660344452,1,Tenant,Rent
1077,Tammy,Burch,884973,Female,tammy61@stmarys.com,07518137618,5,Owner,One Time
1078,Zachary,Santos,562194,Male,zachary76@stmarys.com,07958583103,2,Tenant,Rent
1079,Zachary,Martin,364642,Female,zachary56@stmarys.com,07225258893,5,Tenant,Rent
1080,Beth,Mora,610094,Female,beth66@stmarys.com,07773014663,4,Tenant,Rent
1081,Andrew,Park,697387,Male,andrew48@stmarys.com,07864216932,2,Owner,One Time
1082,Teresa,Moore,810401,Male,teresa98@stmarys.com,07650316137,3,Owner,Installment
1083,Maria,Sanders,323452,Male,maria61@stmarys.com,07980483371,5,Owner,One Time
1084,Kevin,Williams,985288,Male,kevin87@stmarys.com,07704942073,5,Tenant,Rent
1085,Cheyenne,Molina,624745,Female,cheyenne33@stmarys.com,07407717567,4,Tenant,Rent
1086,Robert,Lee,646834,Female,robert34@stmarys.com,07780944645,1,Tenant,Rent
1087,Michael,Anderson,157895,Male,michael1@stmarys.com,07739208292,2,Owner,Installment
1088,Denise,Gamble,829567,Male,denise49@stmarys.com,07209392140,3,Tenant,Rent
1089,Elaine,Meadows,964536,Male,elaine74@stmarys.com,07186159962,5,Tenant,Rent
1090,Alfred,Castro,544489,Female,alfred85@stmarys.com,07531941736,3,Tenant,Rent
1091,Stephanie,Flores,787726,Female,stephanie96@stmarys.com,07233446203,4,Owner,Installment
1092,Michael,Watkins,957962,Male,michael42@stmarys.com,07394880031,4,Tenant,Rent
1093,Stacey,Gray,476614,Male,stacey42@stmarys.com,07773050515,1,Tenant,Rent
1094,Justin,Nelson,302065,Male,justin62@stmarys.com,07443398750,4,Owner,Installment
1095,Elizabeth,Jenkins,310717,Male,elizabeth69@stmarys.com,07667561063,1,Owner,One Time
1096,Kent,Romero,181906,Female,kent95@stmarys.com,07613802183,2,Tenant,Rent
1097,Sharon,Gilbert,293941,Male,sharon19@stmarys.com,07538070816,3,Tenant,Rent
1098,Erik,Alexander,972826,Female,erik34@stmarys.com,07430757804,3,Owner,One Time
1099,Joe,Thompson,992042,Male,joe4@stmarys.com,07468631764,5,Tenant,Rent
1100,Jaclyn,Rodriguez,718393,Female,jaclyn74@stmarys.com,07342617012,5,Tenant,Rent
1101,Samantha,Jenkins,981511,Female,samantha28@stmarys.com,07245216962,5,Tenant,Rent
1102,Kelly,Levine,612386,Male,kelly21@stmarys.com,07323421354,1,Tenant,Rent
1103,Jose,White,124214,Male,jose15@stmarys.com,07325108342,5,Owner,One Time
1104,Lawrence,Stevenson,319672,Male,lawrence93@stmarys.com,07677403773,2,Tenant,Rent
1105,Brian,Haynes,491294,Female,brian49@stmarys.com,07250406720,3,Owner,Installment
1106,Robert,Huerta,160692,Male,robert39@stmarys.com,07942293385,5,Owner,Installment
1107,Jason,Miller,489774,Female,jason77@stmarys.com,07449554567,5,Tenant,Rent
1108,Dana,Scott,699630,Male,dana18@stmarys.com,07723229340,4,Tenant,Rent
1109,Charles,Nelson,801626,Male,charles58@stmarys.com,07448038588,4,Owner,Installment
1110,Nathan,Blair,375258,Male,nathan5@stmarys.com,07517148915,3,Tenant,Rent
1111,Luis,Walker,237971,Female,luis75@stmarys.com,07134862739,5,Tenant,Rent
1112,Sydney,Cole,195109,Male,sydney60@stmarys.com,07652882167,3,Tenant,Rent
1113,David,Williams,446664,Female,david3@stmarys.com,07980066293,4,Tenant,Rent
1114,Richard,Henderson,652421,Male,richard49@stmarys.com,07234117108,3,Tenant,Rent
1115,Karen,Kelly,235924,Female,karen93@stmarys.com,07384279791,5,Tenant,Rent
1116,Kimberly,Brown,678247,Female,kimberly13@stmarys.com,07281517219,3,Owner,Installment
1117,Robert,Phillips,555285,Female,robert72@stmarys.com,07697640056,2,Tenant,Rent
1118,Justin,Dunn,761388,Male,justin56@stmarys.com,07267334281,2,Owner,Installment
1119,Isabel,White,450565,Male,isabel42@stmarys.com,07653050674,3,Owner,Installment
1120,Kenneth,Hardin,241053,Male,kenneth15@stmarys.com,07172598139,3,Tenant,Rent
1121,Brittney,Stark,116012,Male,brittney52@stmarys.com,07599536355,1,Tenant,Rent
1122,Julia,Sharp,725397,Female,julia92@stmarys.com,07606545121,4,Owner,Installment
1123,Erin,Smith,680889,Male,erin1@stmarys.com,07182621797,5,Owner,One Time
1124,Darrell,Wang,623811,Male,darrell31@stmarys.com,07287982966,1,Tenant,Rent
1125,Cory,Cordova,464768,Female,cory91@stmarys.com,07103016279,1,Tenant,Rent
1126,Jason,Wallace,711753,Female,jason36@stmarys.com,07499095188,4,Owner,Installment
1127,Jeremy,Thompson,633376,Male,jeremy63@stmarys.com,07109172497,2,Owner,Installment
1128,Justin,Peters,947283,Male,justin28@stmarys.com,07295693810,1,Tenant,Rent
1129,Thomas,Powell,725842,Male,thomas56@stmarys.com,07106582822,1,Owner,Installment
1130,Wanda,Ramsey,846177,Female,wanda67@stmarys.com,07684180776,4,Tenant,Rent
1131,Justin,Price,410270,Female,justin93@stmarys.com,07583543351,1,Owner,One Time
1132,Lisa,Clark,210458,Female,lisa89@stmarys.com,07305015937,3,Tenant,Rent
1133,Meghan,Thomas,171596,Female,meghan57@stmarys.com,07941703288,1,Owner,Installment
1134,Nicholas,Hardin,244585,Female,nicholas86@stmarys.com,07683721874,2,Owner,One Time
1135,Nancy,Malone,719523,Male,nancy61@stmarys.com,07366112729,5,Owner,Installment
1136,Blake,White,110900,Female,blake23@stmarys.com,07635906952,1,Owner,Installment
1137,Christopher,Robinson,394366,Male,christopher31@stmarys.com,07614379389,5,Owner,One Time
1138,Stephanie,Smith,726862,Female,stephanie97@stmarys.com,07904779595,5,Owner,Installment
1139,Darius,Flores,213689,Male,darius89@stmarys.com,07937483416,3,Tenant,Rent
1140,Joseph,Cox,770252,Female,joseph65@stmarys.com,07646642138,3,Owner,One Time
1141,Edwin,Shelton,160336,Female,edwin56@stmarys.com,07770293052,5,Tenant,Rent
1142,Michelle,Molina,767397,Male,michelle34@stmarys.com,07462849215,1,Owner,One Time
1143,Joseph,Cooper,380140,Female,joseph31@stmarys.com,07227731368,2,Tenant,Rent
1144,Jason,Rodriguez,781980,Female,jason43@stmarys.com,07397589701,1,Tenant,Rent
1145,Andrew,Mcknight,592790,Female,andrew14@stmarys.com,07598620735,1,Owner,One Time
1146,Alyssa,Carson,840859,Female,alyssa78@stmarys.com,07376868905,4,Tenant,Rent
1147,Steven,Johnson,844062,Female,steven82@stmarys.com,07359463334,3,Owner,One Time
1148,Joshua,Dickson,489555,Male,joshua39@stmarys.com,07914270615,1,Tenant,Rent
1149,Matthew,Gallegos,823024,Male,matthew84@stmarys.com,07213527040,5,Tenant,Rent
1150,Kimberly,Rodriguez,698182,Male,kimberly12@stmarys.com,07838305587,4,Tenant,Rent
1151,Bryan,Espinoza,860110,Male,bryan88@stmarys.com,07647753695,2,Owner,Installment
1152,Kayla,May,436037,Female,kayla97@stmarys.com,07576898291,2,Owner,Installment
1153,Lacey,Willis,749550,Female,lacey34@stmarys.com,07497375159,1,Tenant,Rent
1154,Justin,Wilson,225920,Male,justin85@stmarys.com,07725337486,2,Tenant,Rent
1155,William,Schultz,548378,Female,william31@stmarys.com,07939101567,1,Tenant,Rent
1156,Jackson,Walker,951215,Female,jackson94@stmarys.com,07992959750,1,Owner,One Time
1157,Jason,Carpenter,591095,Female,jason30@stmarys.com,07703282878,5,Tenant,Rent
1158,Andrea,Cain,319569,Male,andrea91@stmarys.com,07765950941,2,Tenant,Rent
1159,Theodore,Orr,797675,Male,theodore64@stmarys.com,07700170361,3,Owner,Installment
1160,Pam,Garcia,922492,Female,pam81@stmarys.com,07889800590,4,Tenant,Rent
1161,Nancy,Bishop,741707,Female,nancy82@stmarys.com,07170681826,5,Tenant,Rent
1162,Dennis,Mueller,537137,Female,dennis46@stmarys.com,07976826909,3,Tenant,Rent
1163,Jessica,Payne,380320,Female,jessica54@stmarys.com,07771131420,3,Owner,One Time
1164,Sarah,Gallagher,406117,Female,sarah34@stmarys.com,07139006121,4,Owner,One Time
1165,Jaime,Morrow,251877,Male,jaime29@stmarys.com,07246702583,5,Tenant,Rent
1166,Erika,Perez,948792,Male,erika89@stmarys.com,07986221842,1,Tenant,Rent
1167,Cynthia,Elliott,813867,Male,cynthia48@stmarys.com,07238313107,2,Owner,Installment
1168,Kenneth,Benton,306281,Male,kenneth45@stmarys.com,07241707323,2,Owner,Installment
1169,Tracy,Jackson,644474,Female,tracy65@stmarys.com,07761160481,2,Owner,One Time
1170,James,Gutierrez,467837,Male,james73@stmarys.com,07414795821,3,Owner,One Time
1171,John,Abbott,454538,Male,john77@stmarys.com,07677028162,2,Tenant,Rent
1172,Teresa,Haynes,633963,Male,teresa99@stmarys.com,07441224504,1,Tenant,Rent
1173,Victoria,Rodgers,532413,Male,victoria17@stmarys.com,07508035781,1,Owner,One Time
1174,Sandra,Matthews,941711,Female,sandra47@stmarys.com,07306302287,2,Tenant,Rent
1175,Christopher,Morgan,675664,Female,christopher48@stmarys.com,07831340502,3,Owner,One Time
1176,Amber,Baker,259980,Male,amber80@stmarys.com,07217689920,2,Owner,One Time
1177,Sonya,Wood,287526,Male,sonya86@stmarys.com,07353642662,5,Tenant,Rent
1178,Wendy,Torres,354043,Male,wendy66@stmarys.com,07612844124,1,Owner,One Time
1179,Mark,Watts,205667,Male,mark56@stmarys.com,07538685475,4,Owner,Installment
1180,Monica,Camacho,919268,Male,monica15@stmarys.com,07912456512,2,Owner,Installment
1181,Traci,Wolfe,486834,Female,traci32@stmarys.com,07828879167,4,Owner,One Time
1182,Heather,Mcgrath,928552,Female,heather37@stmarys.com,07518951242,1,Owner,One Time
1183,Cesar,Nelson,382163,Female,cesar92@stmarys.com,07949044717,2,Tenant,Rent
1184,Steven,Hale,216037,Female,steven13@stmarys.com,07229161425,4,Tenant,Rent
1185,David,Moore,143850,Female,david82@stmarys.com,07931928994,1,Tenant,Rent
1186,Brian,Garcia,383872,Female,brian61@stmarys.com,07724623448,2,Tenant,Rent
1187,Jeffrey,Lambert,479095,Male,jeffrey75@stmarys.com,07601047974,3,Owner,One Time
1188,Lawrence,Mendoza,427914,Female,lawrence98@stmarys.com,07758013456,5,Owner,Installment
1189,Samuel,Johnson,431287,Female,samuel20@stmarys.com,07821305691,5,Tenant,Rent
1190,Christopher,Marshall,533262,Male,christopher39@stmarys.com,07737040280,1,Tenant,Rent
1191,Donald,Munoz,480463,Female,donald61@stmarys.com,07686401016,4,Tenant,Rent
1192,Corey,Miller,776334,Female,corey83@stmarys.com,07863557323,2,Owner,One Time
1193,Tyler,Landry,396729,Male,tyler23@stmarys.com,07789817437,4,Tenant,Rent
1194,George,Schmidt,533091,Male,george57@stmarys.com,07738302304,2,Tenant,Rent
1195,Jonathan,Vaughn,583108,Female,jonathan81@stmarys.com,07963827373,3,Owner,One Time
1196,George,Dunlap,424828,Female,george38@stmarys.com,07298243674,1,Tenant,Rent
1197,Christine,Kennedy,696614,Female,christine26@stmarys.com,07570922614,2,Owner,Installment
1198,Jacob,Sims,630659,Female,jacob7@stmarys.com,07288537285,5,Owner,One Time
1199,Jillian,Williams,697972,Female,jillian41@stmarys.com,07329302996,2,Tenant,Rent
1200,Michael,Duke,868644,Male,michael81@stmarys.com,07766946849,4,Owner,One Time
1201,Sara,Benson,588827,Female,sara5@stmarys.com,07704290361,5,Owner,Installment
1202,Phillip,Miller,931584,Female,phillip41@stmarys.com,07598995603,3,Tenant,Rent
1203,Donald,Saunders,317790,Male,donald24@stmarys.com,07335347548,2,Tenant,Rent
1204,Brian,Smith,728573,Male,brian3@stmarys.com,07335779297,1,Owner,Installment
1205,Alicia,James,249509,Female,alicia82@stmarys.com,07326143574,1,Owner,Installment
1206,Michael,Martin,995084,Female,michael80@stmarys.com,07855821984,3,Owner,One Time
1207,Alexander,Moran,512293,Male,alexander69@stmarys.com,07252795203,5,Tenant,Rent
1208,Matthew,Moreno,181770,Male,matthew2@stmarys.com,07891728377,1,Owner,One Time
1209,Joseph,Williams,932026,Male,joseph67@stmarys.com,07168650075,3,Owner,One Time
1210,Jessica,Curtis,235195,Female,jessica38@stmarys.com,07923268078,1,Tenant,Rent
1211,Donald,Bell,552492,Female,donald1@stmarys.com,07691812245,2,Owner,One Time
1212,Deborah,Cooper,834828,Male,deborah52@stmarys.com,07534891636,1,Owner,One Time
1213,Erica,Petty,891165,Male,erica87@stmarys.com,07997811474,1,Owner,Installment
1214,Sharon,Gibson,544670,Male,sharon58@stmarys.com,07419393441,1,Tenant,Rent
1215,Tony,Morris,785945,Male,tony3@stmarys.com,07882925603,3,Owner,Installment
1216,Jonathan,Lopez,590489,Male,jonathan23@stmarys.com,07533166655,4,Owner,One Time
1217,Mirza,Qasim,123121,Male,qasim19@stmarys.com,7533166123,3,Owner,One Time
1218,John,Orton,231257,Male,john99@stmarys.com,7511166123,2,Tenant,Installment
